"source","target"
"node_360","node_364"
"node_87","node_364"
"node_135","node_364"
"node_361","node_364"
"node_364","node_366"
"node_129","node_220"
"node_26","node_129"
"node_129","node_270"
"node_128","node_129"
"node_129","node_354"
"node_129","node_292"
"node_129","node_384"
"node_341","node_343"
"node_341","node_342"
"node_341","node_346"
"node_341","node_345"
"node_279","node_341"
"node_341","node_344"
"node_341","node_347"
"node_341","node_419"
"node_345","node_347"
"node_342","node_347"
"node_347","node_419"
"node_346","node_347"
"node_347","node_371"
"node_343","node_347"
"node_128","node_145"
"node_11","node_225"
"node_86","node_360"
"node_86","node_436"
"node_86","node_271"
"node_85","node_86"
"node_86","node_87"
"node_86","node_425"
"node_40","node_313"
"node_32","node_200"
"node_131","node_220"
"node_57","node_90"
"node_25","node_57"
"node_57","node_382"
"node_229","node_233"
"node_232","node_233"
"node_228","node_233"
"node_233","node_247"
"node_227","node_233"
"node_233","node_316"
"node_230","node_233"
"node_233","node_234"
"node_231","node_233"
"node_290","node_440"
"node_112","node_115"
"node_115","node_120"
"node_18","node_61"
"node_18","node_22"
"node_18","node_356"
"node_18","node_414"
"node_18","node_21"
"node_18","node_405"
"node_18","node_53"
"node_21","node_24"
"node_24","node_252"
"node_24","node_25"
"node_24","node_319"
"node_22","node_24"
"node_41","node_220"
"node_41","node_426"
"node_41","node_100"
"node_41","node_268"
"node_29","node_204"
"node_158","node_204"
"node_117","node_118"
"node_26","node_130"
"node_276","node_312"
"node_87","node_276"
"node_276","node_380"
"node_246","node_276"
"node_276","node_357"
"node_276","node_403"
"node_143","node_348"
"node_330","node_357"
"node_68","node_330"
"node_63","node_330"
"node_317","node_330"
"node_323","node_330"
"node_252","node_330"
"node_61","node_330"
"node_33","node_81"
"node_81","node_206"
"node_81","node_164"
"node_10","node_81"
"node_71","node_248"
"node_71","node_358"
"node_71","node_288"
"node_71","node_294"
"node_71","node_315"
"node_71","node_304"
"node_71","node_332"
"node_71","node_363"
"node_71","node_331"
"node_71","node_314"
"node_25","node_71"
"node_137","node_246"
"node_137","node_220"
"node_137","node_380"
"node_137","node_276"
"node_137","node_221"
"node_137","node_239"
"node_244","node_437"
"node_33","node_205"
"node_228","node_230"
"node_230","node_234"
"node_227","node_230"
"node_230","node_232"
"node_230","node_231"
"node_229","node_230"
"node_230","node_316"
"node_29","node_201"
"node_91","node_201"
"node_362","node_363"
"node_109","node_363"
"node_363","node_423"
"node_158","node_235"
"node_318","node_417"
"node_317","node_417"
"node_146","node_220"
"node_128","node_146"
"node_4","node_103"
"node_2","node_4"
"node_87","node_245"
"node_245","node_378"
"node_44","node_45"
"node_26","node_108"
"node_17","node_108"
"node_11","node_369"
"node_164","node_206"
"node_206","node_214"
"node_279","node_441"
"node_8","node_28"
"node_29","node_180"
"node_169","node_174"
"node_240","node_414"
"node_25","node_49"
"node_2","node_49"
"node_103","node_290"
"node_103","node_416"
"node_103","node_427"
"node_103","node_409"
"node_103","node_307"
"node_3","node_283"
"node_2","node_3"
"node_376","node_428"
"node_311","node_312"
"node_26","node_311"
"node_340","node_419"
"node_246","node_380"
"node_246","node_279"
"node_246","node_378"
"node_272","node_283"
"node_2","node_272"
"node_33","node_197"
"node_43","node_253"
"node_43","node_404"
"node_43","node_107"
"node_12","node_43"
"node_42","node_43"
"node_14","node_43"
"node_43","node_254"
"node_15","node_43"
"node_279","node_343"
"node_279","node_344"
"node_109","node_279"
"node_88","node_279"
"node_276","node_279"
"node_279","node_380"
"node_15","node_22"
"node_15","node_382"
"node_15","node_368"
"node_15","node_236"
"node_15","node_21"
"node_14","node_15"
"node_7","node_15"
"node_111","node_283"
"node_111","node_365"
"node_29","node_111"
"node_68","node_372"
"node_85","node_87"
"node_177","node_209"
"node_64","node_312"
"node_64","node_239"
"node_64","node_354"
"node_64","node_357"
"node_64","node_263"
"node_24","node_64"
"node_48","node_64"
"node_64","node_252"
"node_60","node_64"
"node_166","node_167"
"node_317","node_326"
"node_7","node_52"
"node_350","node_351"
"node_349","node_350"
"node_317","node_327"
"node_29","node_172"
"node_284","node_285"
"node_63","node_267"
"node_63","node_137"
"node_63","node_265"
"node_63","node_260"
"node_61","node_63"
"node_63","node_411"
"node_63","node_251"
"node_63","node_248"
"node_63","node_249"
"node_63","node_258"
"node_63","node_242"
"node_63","node_418"
"node_63","node_372"
"node_63","node_243"
"node_63","node_262"
"node_62","node_63"
"node_63","node_261"
"node_63","node_252"
"node_63","node_68"
"node_63","node_426"
"node_63","node_250"
"node_63","node_263"
"node_63","node_280"
"node_63","node_256"
"node_63","node_264"
"node_63","node_259"
"node_63","node_266"
"node_63","node_226"
"node_63","node_257"
"node_317","node_325"
"node_60","node_414"
"node_414","node_426"
"node_351","node_352"
"node_349","node_351"
"node_21","node_351"
"node_351","node_377"
"node_14","node_368"
"node_12","node_368"
"node_359","node_368"
"node_355","node_420"
"node_310","node_416"
"node_309","node_310"
"node_308","node_310"
"node_306","node_378"
"node_228","node_232"
"node_232","node_234"
"node_231","node_232"
"node_229","node_232"
"node_227","node_232"
"node_232","node_316"
"node_277","node_282"
"node_263","node_282"
"node_33","node_83"
"node_140","node_141"
"node_267","node_356"
"node_292","node_356"
"node_91","node_202"
"node_26","node_121"
"node_12","node_13"
"node_12","node_14"
"node_142","node_274"
"node_142","node_220"
"node_312","node_380"
"node_22","node_312"
"node_14","node_16"
"node_16","node_22"
"node_16","node_236"
"node_69","node_109"
"node_69","node_70"
"node_47","node_69"
"node_188","node_196"
"node_187","node_196"
"node_375","node_412"
"node_339","node_419"
"node_406","node_434"
"node_6","node_7"
"node_6","node_58"
"node_6","node_134"
"node_67","node_357"
"node_67","node_252"
"node_61","node_67"
"node_67","node_68"
"node_128","node_150"
"node_46","node_236"
"node_317","node_318"
"node_317","node_322"
"node_175","node_217"
"node_53","node_405"
"node_11","node_302"
"node_11","node_183"
"node_11","node_167"
"node_11","node_169"
"node_11","node_273"
"node_10","node_11"
"node_11","node_116"
"node_11","node_28"
"node_11","node_156"
"node_11","node_82"
"node_11","node_38"
"node_11","node_120"
"node_11","node_105"
"node_11","node_217"
"node_11","node_114"
"node_11","node_197"
"node_11","node_100"
"node_11","node_33"
"node_11","node_184"
"node_11","node_199"
"node_11","node_40"
"node_11","node_80"
"node_11","node_155"
"node_11","node_39"
"node_11","node_160"
"node_11","node_218"
"node_11","node_190"
"node_11","node_157"
"node_11","node_239"
"node_11","node_83"
"node_11","node_396"
"node_1","node_11"
"node_11","node_161"
"node_11","node_92"
"node_11","node_399"
"node_11","node_182"
"node_11","node_397"
"node_11","node_388"
"node_11","node_81"
"node_11","node_94"
"node_11","node_379"
"node_7","node_11"
"node_11","node_198"
"node_11","node_154"
"node_11","node_211"
"node_11","node_398"
"node_11","node_185"
"node_11","node_13"
"node_11","node_224"
"node_11","node_208"
"node_11","node_389"
"node_11","node_395"
"node_8","node_11"
"node_11","node_27"
"node_11","node_115"
"node_11","node_74"
"node_11","node_283"
"node_11","node_26"
"node_11","node_408"
"node_11","node_158"
"node_11","node_219"
"node_11","node_166"
"node_11","node_195"
"node_11","node_186"
"node_11","node_178"
"node_11","node_171"
"node_11","node_291"
"node_11","node_95"
"node_11","node_393"
"node_11","node_173"
"node_11","node_103"
"node_11","node_410"
"node_11","node_90"
"node_11","node_125"
"node_11","node_79"
"node_11","node_111"
"node_11","node_194"
"node_11","node_77"
"node_11","node_126"
"node_11","node_391"
"node_11","node_216"
"node_11","node_170"
"node_11","node_32"
"node_11","node_392"
"node_11","node_378"
"node_11","node_382"
"node_11","node_30"
"node_11","node_163"
"node_11","node_113"
"node_11","node_172"
"node_11","node_290"
"node_11","node_192"
"node_11","node_386"
"node_11","node_402"
"node_11","node_162"
"node_11","node_215"
"node_11","node_385"
"node_11","node_175"
"node_11","node_222"
"node_11","node_54"
"node_11","node_203"
"node_11","node_207"
"node_11","node_133"
"node_11","node_301"
"node_11","node_394"
"node_11","node_390"
"node_11","node_387"
"node_11","node_400"
"node_11","node_191"
"node_11","node_36"
"node_11","node_52"
"node_11","node_313"
"node_11","node_29"
"node_11","node_130"
"node_11","node_31"
"node_25","node_253"
"node_26","node_100"
"node_100","node_365"
"node_100","node_423"
"node_317","node_328"
"node_317","node_329"
"node_317","node_321"
"node_317","node_323"
"node_317","node_319"
"node_317","node_324"
"node_317","node_320"
"node_317","node_426"
"node_63","node_317"
"node_29","node_173"
"node_4","node_58"
"node_8","node_58"
"node_17","node_58"
"node_14","node_404"
"node_281","node_337"
"node_220","node_430"
"node_248","node_258"
"node_248","node_259"
"node_123","node_378"
"node_55","node_378"
"node_299","node_378"
"node_297","node_378"
"node_124","node_378"
"node_97","node_378"
"node_100","node_378"
"node_98","node_378"
"node_26","node_378"
"node_353","node_378"
"node_296","node_378"
"node_271","node_378"
"node_122","node_378"
"node_121","node_378"
"node_68","node_147"
"node_147","node_251"
"node_128","node_147"
"node_239","node_305"
"node_48","node_305"
"node_305","node_357"
"node_47","node_305"
"node_109","node_305"
"node_305","node_312"
"node_84","node_283"
"node_14","node_51"
"node_21","node_51"
"node_51","node_405"
"node_113","node_114"
"node_189","node_210"
"node_283","node_308"
"node_308","node_309"
"node_26","node_97"
"node_361","node_367"
"node_360","node_361"
"node_361","node_366"
"node_361","node_376"
"node_358","node_361"
"node_361","node_381"
"node_361","node_362"
"node_241","node_383"
"node_229","node_316"
"node_229","node_231"
"node_229","node_234"
"node_228","node_229"
"node_227","node_229"
"node_29","node_214"
"node_32","node_214"
"node_29","node_410"
"node_55","node_405"
"node_13","node_96"
"node_136","node_220"
"node_373","node_374"
"node_237","node_374"
"node_231","node_316"
"node_227","node_231"
"node_231","node_234"
"node_228","node_231"
"node_407","node_425"
"node_87","node_407"
"node_87","node_360"
"node_87","node_102"
"node_74","node_87"
"node_72","node_87"
"node_87","node_101"
"node_87","node_436"
"node_19","node_87"
"node_1","node_74"
"node_74","node_283"
"node_74","node_366"
"node_88","node_239"
"node_1","node_88"
"node_88","node_380"
"node_47","node_88"
"node_88","node_276"
"node_26","node_88"
"node_88","node_246"
"node_48","node_88"
"node_47","node_300"
"node_227","node_228"
"node_227","node_316"
"node_227","node_234"
"node_25","node_288"
"node_288","node_405"
"node_22","node_288"
"node_29","node_164"
"node_29","node_127"
"node_29","node_159"
"node_29","node_76"
"node_29","node_81"
"node_29","node_165"
"node_29","node_177"
"node_29","node_75"
"node_17","node_29"
"node_29","node_171"
"node_29","node_181"
"node_26","node_29"
"node_29","node_40"
"node_29","node_93"
"node_8","node_29"
"node_29","node_218"
"node_29","node_56"
"node_29","node_78"
"node_29","node_170"
"node_29","node_36"
"node_207","node_212"
"node_13","node_224"
"node_250","node_426"
"node_138","node_431"
"node_48","node_380"
"node_48","node_246"
"node_48","node_239"
"node_47","node_48"
"node_48","node_357"
"node_48","node_312"
"node_48","node_276"
"node_10","node_175"
"node_10","node_208"
"node_220","node_357"
"node_263","node_357"
"node_357","node_380"
"node_226","node_250"
"node_237","node_373"
"node_25","node_294"
"node_50","node_132"
"node_153","node_207"
"node_333","node_419"
"node_2","node_439"
"node_4","node_439"
"node_47","node_416"
"node_260","node_380"
"node_66","node_270"
"node_270","node_292"
"node_288","node_292"
"node_292","node_412"
"node_13","node_104"
"node_334","node_419"
"node_128","node_144"
"node_56","node_382"
"node_312","node_442"
"node_357","node_442"
"node_13","node_95"
"node_135","node_360"
"node_314","node_315"
"node_248","node_315"
"node_298","node_299"
"node_33","node_181"
"node_31","node_32"
"node_250","node_329"
"node_249","node_412"
"node_61","node_249"
"node_248","node_249"
"node_7","node_134"
"node_134","node_420"
"node_64","node_403"
"node_48","node_403"
"node_278","node_403"
"node_47","node_403"
"node_246","node_403"
"node_380","node_403"
"node_275","node_403"
"node_287","node_403"
"node_59","node_382"
"node_380","node_429"
"node_246","node_429"
"node_33","node_235"
"node_88","node_379"
"node_38","node_379"
"node_209","node_379"
"node_32","node_379"
"node_28","node_379"
"node_34","node_379"
"node_29","node_379"
"node_40","node_379"
"node_39","node_379"
"node_37","node_379"
"node_35","node_379"
"node_173","node_379"
"node_379","node_400"
"node_225","node_379"
"node_36","node_379"
"node_33","node_379"
"node_30","node_379"
"node_31","node_379"
"node_27","node_379"
"node_62","node_248"
"node_61","node_62"
"node_33","node_290"
"node_293","node_295"
"node_220","node_250"
"node_60","node_250"
"node_61","node_250"
"node_250","node_268"
"node_65","node_250"
"node_250","node_319"
"node_32","node_213"
"node_32","node_171"
"node_60","node_270"
"node_25","node_297"
"node_2","node_297"
"node_252","node_319"
"node_68","node_319"
"node_46","node_208"
"node_25","node_349"
"node_349","node_352"
"node_406","node_415"
"node_220","node_312"
"node_220","node_380"
"node_220","node_221"
"node_220","node_246"
"node_128","node_220"
"node_130","node_220"
"node_220","node_239"
"node_220","node_276"
"node_220","node_384"
"node_47","node_220"
"node_48","node_220"
"node_61","node_248"
"node_61","node_68"
"node_61","node_426"
"node_61","node_252"
"node_13","node_99"
"node_25","node_99"
"node_2","node_5"
"node_360","node_367"
"node_174","node_213"
"node_110","node_370"
"node_170","node_177"
"node_47","node_161"
"node_273","node_400"
"node_176","node_179"
"node_353","node_420"
"node_128","node_148"
"node_128","node_151"
"node_376","node_376"
"node_362","node_376"
"node_376","node_381"
"node_276","node_277"
"node_277","node_312"
"node_277","node_380"
"node_48","node_277"
"node_277","node_357"
"node_246","node_277"
"node_263","node_277"
"node_60","node_61"
"node_60","node_264"
"node_60","node_354"
"node_251","node_424"
"node_61","node_424"
"node_348","node_419"
"node_343","node_345"
"node_343","node_344"
"node_343","node_419"
"node_343","node_371"
"node_342","node_343"
"node_343","node_346"
"node_337","node_384"
"node_336","node_337"
"node_19","node_362"
"node_40","node_73"
"node_338","node_419"
"node_337","node_419"
"node_143","node_419"
"node_336","node_419"
"node_346","node_419"
"node_335","node_419"
"node_342","node_419"
"node_345","node_419"
"node_344","node_419"
"node_345","node_371"
"node_48","node_263"
"node_26","node_263"
"node_263","node_276"
"node_263","node_275"
"node_263","node_380"
"node_263","node_278"
"node_7","node_8"
"node_8","node_17"
"node_252","node_418"
"node_21","node_22"
"node_21","node_63"
"node_20","node_21"
"node_21","node_23"
"node_14","node_21"
"node_239","node_380"
"node_47","node_380"
"node_221","node_380"
"node_238","node_383"
"node_46","node_47"
"node_46","node_400"
"node_228","node_234"
"node_234","node_316"
"node_252","node_268"
"node_68","node_268"
"node_268","node_269"
"node_290","node_365"
"node_420","node_421"
"node_22","node_328"
"node_20","node_22"
"node_22","node_23"
"node_22","node_42"
"node_331","node_401"
"node_26","node_98"
"node_9","node_362"
"node_365","node_438"
"node_7","node_119"
"node_168","node_193"
"node_30","node_175"
"node_47","node_70"
"node_26","node_47"
"node_47","node_314"
"node_47","node_239"
"node_47","node_357"
"node_47","node_276"
"node_47","node_246"
"node_47","node_312"
"node_70","node_109"
"node_247","node_412"
"node_239","node_422"
"node_142","node_422"
"node_278","node_422"
"node_64","node_422"
"node_244","node_422"
"node_138","node_422"
"node_255","node_422"
"node_268","node_422"
"node_295","node_422"
"node_422","node_432"
"node_19","node_422"
"node_89","node_422"
"node_280","node_422"
"node_422","node_435"
"node_245","node_422"
"node_257","node_422"
"node_267","node_422"
"node_18","node_422"
"node_422","node_433"
"node_303","node_422"
"node_136","node_422"
"node_279","node_422"
"node_145","node_422"
"node_360","node_422"
"node_246","node_422"
"node_256","node_422"
"node_137","node_422"
"node_367","node_422"
"node_220","node_422"
"node_413","node_422"
"node_422","node_429"
"node_286","node_422"
"node_359","node_422"
"node_422","node_430"
"node_109","node_422"
"node_177","node_222"
"node_13","node_105"
"node_105","node_224"
"node_105","node_382"
"node_94","node_175"
"node_304","node_314"
"node_304","node_312"
"node_239","node_304"
"node_304","node_357"
"node_47","node_304"
"node_109","node_423"
"node_25","node_352"
"node_366","node_381"
"node_362","node_366"
"node_14","node_54"
"node_128","node_149"
"node_50","node_405"
"node_114","node_120"
"node_271","node_310"
"node_13","node_223"
"node_25","node_223"
"node_228","node_316"
"node_278","node_380"
"node_390","node_410"
"node_5","node_390"
"node_208","node_390"
"node_342","node_345"
"node_345","node_346"
"node_25","node_45"
"node_25","node_382"
"node_12","node_25"
"node_25","node_44"
"node_25","node_42"
"node_346","node_346"
"node_342","node_346"
"node_344","node_346"
"node_309","node_427"
"node_342","node_344"
"node_342","node_342"
"node_13","node_106"
"node_405","node_405"
"node_128","node_135"
"node_128","node_141"
"node_128","node_134"
"node_128","node_221"
"node_128","node_138"
"node_128","node_142"
"node_128","node_152"
"node_128","node_136"
"node_128","node_131"
"node_128","node_130"
"node_128","node_132"
"node_128","node_143"
"node_128","node_139"
"node_128","node_140"
"node_128","node_137"
"node_100","node_128"
"node_289","node_412"
"node_203","node_389"
"node_401","node_433"
"node_9","node_26"
"node_26","node_58"
"node_5","node_26"
"node_26","node_28"
"node_26","node_89"
"node_25","node_26"
"node_17","node_26"
"node_239","node_312"
"node_239","node_357"
"node_221","node_239"
